number,category,kommune,question,position,response_position,response
1,√∏konomi,Frederiksberg Kommune,Flere opgaver i den offentlige sektor skal fremover l√∏ses af private virksomheder,Uenig,Enig,"Det meste af al den gode service, som Frederiksberg kommune tilbyder borgerne i vores by, udf√∏res af medarbejdere, som er offentligt ansat. Derfor ser jeg det ikke som et m√•l i sig selv, at flere af opgaverne skal l√∏ses af private virksomheder."
2,social & velf√¶rd,Frederiksberg Kommune,"Offentlige institutioner tager for mange hensyn til religi√∏se minoriteter, for eksempel ved at tilbyde m√•ltider uden svinek√∏d",Uenig,Enig,"P√• Frederiksberg har vi fremragende daginstitutioner, plejehjem osv., der er gode til at skabe et inkluderende milj√∏ for borgerne uanset deres religi√∏se baggrund. Hvis et barn i en daginstitution eller en beboer p√• et plejehjem f.eks. ikke spiser svinek√∏d, kan man uden problem finde et alternativ, s√• alle kan f√• noget godt at spise til frokost."
3,trafik & transport,Frederiksberg Kommune,Investering i vejnettet haster mere end investering i kollektiv trafik,Uenig,Enig,"P√• Frederiksberg har vi allerede et meget udbygget og velfungerende net af veje - selvom vores cykelstier godt kunne blive lidt bredere! Til geng√¶ld skal vi have meget mere metro i Hovedstaden, inklusive p√• Frederiksberg. I Socialdemokratiet arbejder vi f.eks. p√• at f√• en metrolinje, der l√∏ber nede under S√∏ndre- og Nordrefasanvej og ud til Bispebjerg Hospital."
4,√∏konomi,Frederiksberg Kommune,"Det er muligt at spare penge i den offentlige sektor, uden at det g√•r ud over den offentlige velf√¶rd",Uenig,Enig,"Jeg ved, at det er muligt at spare penge, uden at det g√•r ud over velf√¶rden - for jeg har selv v√¶ret med til at g√∏re det flere gange i min tid som politiker. Men jeg g√∏r det altid med skepsis og med et m√•l om at bruge de sparede penge p√• at forbedre velf√¶rden, der hvor den har brug for et l√∏ft."
5,social & velf√¶rd,Frederiksberg Kommune,Kommuneskatten i Frederiksberg Kommune skal s√¶ttes op og pengene skal bruges p√• bedre velf√¶rd,Uenig,Enig,"Jeg mener egentlig ikke, at vi har behov for at s√¶tte skatten op i √∏jeblikket, men hvis jeg stod med et valg mellem at s√¶nke skatten eller at s√¶tte den op for at finansiere vores velf√¶rd, s√• ville jeg til enhver tid h√¶ve skatten. Vi skal dog huske p√•, at kommuneskatten er end bundskat, s√• folk med lave indkomster bliver ramt relativt h√•rdest p√• deres pengepung, hvis skatten bliver sat op."
6,√∏konomi,Frederiksberg Kommune,Frederiksberg Kommune skal g√∏re det billigere at drive virksomhed,Uenig,Enig,"Vi skal s√∏rge for gode vilk√•r for vores lokale butiks- og forretningsliv - men det kan dog g√∏res p√• mange andre m√•der end at s√¶nke skatten. F.eks. har vi gjort det nemmere at f√• lov til udeservering for restaurat√∏rer, skabt netv√¶rk blandt lokale iv√¶rks√¶ttere samt investeret i en bedre erhvervsservice hos kommunen. Vi har ogs√• samarbejder med startups, der bygger innovative l√∏sninger til kommunen."
7,"klima, milj√∏ & energi",Frederiksberg Kommune,Der skal ops√¶ttes flere anl√¶g til vedvarende energi som vindm√∏ller og solceller i Frederiksberg Kommune,Uenig,Enig,"Det bliver nok lidt sv√¶rt med vindm√∏ller p√• Frederiksberg, men vi skal bestemt have flere solceller p√• byens tage! Der er faktisk lige blevet vedtaget ny lovgivning, som g√∏r det billigere at ops√¶tte solceller p√• kommunale bygninger. Det bliver en af de f√∏rste ting, jeg vil dykke ned i at arbejde p√•, hvis jeg bliver genvalgt."
8,b√∏rn & unge,Frederiksberg Kommune,"Frederiksberg Kommune skal sikre frokostordning i folkeskolen, selv om det kan tage penge fra andre opgaver",Uenig,Enig,"Ja! Lige nu er 5 af Frederiksberg skoler med i en fors√∏gsordning med gratis skolemad, og jeg h√•ber virkelig p√•, at den gratis madordning kan forts√¶tte fremadrettet - forh√•bentlig med finansiering fra staten. Jeg prioriterer ogs√• meget gerne penge til en skolemadsordning, for m√¶tte b√∏rn l√¶rer bedst. Elever fra alle lag af samfundet fortjener en god frokost og de bedste vilk√•r for l√¶ring."
9,√∏konomi,Frederiksberg Kommune,"Frederiksberg Kommune skal sikre brugbare beskyttelsesrum, selv om det kan betyde f√¶rre penge til andre omr√•der",Uenig,Enig,"Frederiksberg er en del af Hovedstaden, som uden tvivl ville blive et bombem√•l, hvis Danmark nogensinde kom i krig. Derfor ville det v√¶re fornuftigt at have tilstr√¶kkeligt med beskyttelsesrum, s√• vi kan s√∏ge ly, hvis vi f√•r behov for det."
10,social & velf√¶rd,Frederiksberg Kommune,√Üldre skal kunne tilk√∏be ekstra service p√• de kommunale plejehjem,Uenig,Enig,"Alle √¶ldre skal have lige adgang til omsorg og n√¶rv√¶r, s√• den gode service ikke er forbeholdt de f√•. Hvis man dog har s√¶rlige interesser eller √∏nsker at deltage i rejser og ture, skal det naturligvis v√¶re muligt at tilk√∏be dette."
11,b√∏rn & unge,Frederiksberg Kommune,"Frederiksberg Kommune skal prioritere, at skoleelever bliver blandet efter etnicitet og social baggrund ‚Äì ogs√• selv om det kan g√• ud over for√¶ldrenes fri skolevalg",Uenig,Enig,"P√• Frederiksberg har vi lavet vores skoledistrikter, s√• elever bliver blandet op og m√∏der folk fra forskellige baggrunde. Det var jeg rigtig glad for, da jeg selv gik p√• Skolen p√• Duevej. I min klasse kom vi fra alle samfundslag og fra mange forskellige kulturer. Det gav os en bedre forst√•else for, at vi p√• trods af forskelligheder har rigtig meget til f√¶lles."
12,"kultur, idr√¶t & fritid",Frederiksberg Kommune,"Der skal indf√∏res h√∏jere brugerbetaling p√• kultur- og fritidstilbud som teatre, ungdomsklubber og biblioteksarrangementer",Uenig,Enig,Nej! Byen skal kunne bruges af alle Frederiksbergborgere uanset st√∏rrelsen p√• deres pengepung. Derfor har vi bl.a. netop sat priserne ned p√• vores sv√∏mmehaller üèä
13,trafik & transport,Frederiksberg Kommune,Der skal etableres flere parkeringspladser i Frederiksberg Kommune,Uenig,Enig,"I Socialdemokratiet p√• Frederiksberg har vi respekt for, at der er borgere, som er afh√¶ngige af deres bil for kunne komme p√• arbejde. Derfor vi √¶ndret p√• p-reglerne, s√• det ikke l√¶ngere kan betale sig for udenbys bilister at parkere p√• Frederiksberg og tage metroen p√• arbejde. Det har for f√∏rste gang i byens historie betydet, at presset p√• p-pladser er begyndt at falde p√• tv√¶rs af Frederiksberg."
14,"kultur, idr√¶t & fritid",Frederiksberg Kommune,Politikerne skal forhindre opf√∏relse af moskeer,Uenig,Enig,"Jeg har ikke noget imod moskeer, s√• l√¶nge brugerne er gode naboer og opf√∏rer sig ordentligt. Vi har for resten allerede moskeer p√• Frederiksberg, men det ved de fleste borgere sikkert ikke, da de ligesom andre religi√∏se f√¶llesskaber i byen ikke fylder mere, end hvad lokalsamfundet kan rumme."
15,bolig,Frederiksberg Kommune,Frederiksberg Kommune skal fremme opf√∏relsen af flere almene lejeboliger,Uenig,Enig,"Ja! I de sidste 8 √•r har jeg som boligordf√∏rer for Socialdemokratiet p√• Frederiksberg k√¶mpet for at passe p√• vores betalbare boliger og skaffe nye, n√•r det har v√¶ret muligt. Jeg ved, at almene boliger er den billigste boligtype, vi har. Derfor skal vi selvf√∏lgelig s√∏rge for, at flest mulige af de nye boliger p√• Frederiksberg er almene boliger."
16,bolig,Frederiksberg Kommune,Der bliver bygget for mange h√∏jhuse,Uenig,Enig,"P√• Frederiksberg holder vi os generelt til h√∏jest 5 etager p√• nye bygninger, og det skal vi ogs√• g√∏re i fremtiden. Byens rum bliver simpelthen ringere med for mange h√∏je bygninger. Argumentet for flere h√∏jhuse er som regel, at det giver flere (og billigere boliger). Jeg g√•r i stedet ind for at regulere huslejerne p√• eksisterende boliger og p√• nationalt niveau lade kommuner med nok plads bygge mere"
17,b√∏rn & unge,Frederiksberg Kommune,Valgfaget 'Privat√∏konomi' skal udbydes i de √¶ldste klasser p√• alle skoler,Uenig,Enig,"P√• Frederiksberg har vi en fornuftig tradition for at give vores folkeskoler mest mulig frihed selv at bestemme. Dog udbyder vi valgfag til udskolingen, hvor privat√∏konomi kunne indg√•. Jeg vil derfor ikke tvinge folkeskolerne til at udbyde faget, men jeg foresl√•r dem gerne at g√∏re det."
18,bolig,Frederiksberg Kommune,Der skal indf√∏res stop for byggeri af nye boliger,Uenig,Enig,"Frederiksberg er stort set fuldt udbygget. Derfor kommer der ikke til at blive bygget s√¶rligt mange nye boliger i vores by. I de f√• tilf√¶lde, hvor vi g√∏r det, skal vi dog insistere p√•, at de giver noget tilbage til byen gennem gr√∏nne omr√•der, betalbare boliger osv. Og det virker! I de sidste 4 √•r har vi b√•de f√•et flere almene boliger og n√¶sten 3000 kvm. nye gr√∏nne byrum p√• Frederiksberg end f√∏r."
19,trafik & transport,Frederiksberg Kommune,Frederiksberg skal genindf√∏re de to timers gratis parkering,Uenig,Enig,"Nej, for afskaffelsen af de to timers gratis parkering har f√∏rt til flere frie parkeringspladser til frederiksbergborgerne p√• tv√¶rs af hele kommunen. Det har vi meget solide data p√•. Faktisk har de nye p-regler betydet, at byen for f√∏rste gang nogensinde har f√•et mindre pres p√• sine p-pladser."
